 Article Id, Author Id, Title, Article Url, Country, Author Name, Date, Reads, Historic Reads, Mondaq Tags,
"1604084","3170968","How Regular Buy-Sell Agreement Reviews Can Help Safeguard Your Business","https://www.mondaq.com/article/1604084","United States","Jared Kornfeld","28 Mar 2025","3665","3665","",
"1600210","3237200","4 Principles Of Digital Transformation For Your Business (Video)","https://www.mondaq.com/article/1600210","United States","Vera Nieuwland","21 Mar 2025","1350","1350","Video",
"1553894","3173876","6 Quick Tips For An Effective Financial Check-up (Video)","https://www.mondaq.com/article/1553894","United States","Jay  Pelham","05 Dec 2024","1053","1053","Video",
"1553900","3173106","How Trump&#39;s Tax Cuts And Tariffs Will Affect Your Wallet","https://www.mondaq.com/article/1553900","United States","Claudia Sotolongo Gonzalez, CPA","05 Dec 2024","896","896","",
"1590710","3198328","What Are Death Taxes? Key Facts About Estate And Inheritance Taxes And How To Avoid Them","https://www.mondaq.com/article/1590710","United States","Ian Goldberger","28 Feb 2025","829","829","",
"1610862","3180428","Cybersecurity Considerations For Financial Institutions (Video)","https://www.mondaq.com/article/1610862","United States","Jeffrey Bernstein","15 Apr 2025","801","801","Video",
"1637240","3283900","Deepfakes: Uncovering The Deep Truth About Digital Deception","https://www.mondaq.com/article/1637240","United States","Kanishk  Mehta","13 Jun 2025","801","801","",
"1583706","3185626","If Trump Reinstates Tax Cuts, Here&#39;s How Much You Could Save","https://www.mondaq.com/article/1583706","United States","Michael  Kramarz","13 Feb 2025","573","573","",
"1599514","3237200","10 Quick Questions About Digital Transformation","https://www.mondaq.com/article/1599514","United States","Vera Nieuwland","20 Mar 2025","564","564","",
"1578858","3142298","Three International Tax Cases Practitioners Must Watch In 2025","https://www.mondaq.com/article/1578858","United States","Justen Ghwee","11 Feb 2025","543","543","",
"1594716","3198360","Managing AI Model Risk In Financial Institutions: Best Practices For Compliance And Governance","https://www.mondaq.com/article/1594716","United States","Jason  Chorlins","10 Mar 2025","540","540","",
"1553734","1353578","5 Tips To Prepare The Next Generation For Family Wealth (Video)","https://www.mondaq.com/article/1553734","United States","Todd Kesterson","04 Dec 2024","525","525","",
"1639800","1353578","Work With Your Team To Secure And Protect Valuables And Collectibles","https://www.mondaq.com/article/1639800","United States","Todd Kesterson","20 Jun 2025","520","520","",
"1531232","3185626","IRS Extends Hurricane Tax Relief For Milton, Helene And Debby ","https://www.mondaq.com/article/1531232","United States","Michael  Kramarz","16 Oct 2024","515","515","",
"1507792","3219568","Small Banks Struggle With Cloud Risk, Providers","https://www.mondaq.com/article/1507792","United States","Jorge Rey","20 Aug 2024","499","499","",
"1580784","3219568","5 Quick Tips To Prevent Business Email Compromise","https://www.mondaq.com/article/1580784","United States","Jorge Rey","07 Feb 2025","494","494","",
"1584434","3185626","How Tax Cuts And Jobs Act Renewal Would Affect Your Wallet","https://www.mondaq.com/article/1584434","China","Michael  Kramarz","14 Feb 2025","490","490","",
"1515896","3180428","Digital Protection: Q&A With Jeffrey Bernstein","https://www.mondaq.com/article/1515896","United States","Jeffrey Bernstein","11 Sep 2024","489","489","",
"1562436","3241738","International Financial Organization Expands Scholarships For FIU Business Students","https://www.mondaq.com/article/1562436","United States","Ivan Garces","27 Dec 2024","485","485","",
"1564324","3251100","Real Estate And Investment: Adapting To FinCEN&#39;s NewRules","https://www.mondaq.com/article/1564324","United States","Raymond Villanueva","06 Jan 2025","474","474","",
"1589294","3153980","IRS Form 6765 Updates: What The R&D Tax Credit Changes Mean For Your Business","https://www.mondaq.com/article/1589294","United States","Louis Guay","25 Feb 2025","444","444","",
"1546348","3241738","Digital Transformation In Banking And Finance: Navigating Innovation And Compliance In 2025","https://www.mondaq.com/article/1546348","United States","Ivan Garces","19 Nov 2024","441","441","",
"1522764","3228206","Residential Supervisory Locations: Key Compliance Considerations For Broker-Dealers","https://www.mondaq.com/article/1522764","United States","Stephanie  Richards","26 Sep 2024","430","430","",
"1540210","1353578","5 Keys To Preparing The Rising Generation For Family Wealth","https://www.mondaq.com/article/1540210","United States","Todd Kesterson","06 Nov 2024","426","426","",
"1573698","3173876","5 Financial Focus Areas To Consider For The New Year","https://www.mondaq.com/article/1573698","United States","Jay  Pelham","24 Jan 2025","422","422","",
"1523752","3180428","Cybersecurity Trends: Protect Your Organization As Threats Evolve ","https://www.mondaq.com/article/1523752","United States","Jeffrey Bernstein","30 Sep 2024","416","416","",
"1542966","3198360","Community Banks Can Learn From TD Bank&#39;s $3 Billion BSA/AML Penalty","https://www.mondaq.com/article/1542966","United States","Jason  Chorlins","12 Nov 2024","405","405","",
"1624394","3283904","Facing The Real Estate Landscape In 2025: Navigating Tariffs, Costs And Tax Changes","https://www.mondaq.com/article/1624394","United States","James  Wolcott","15 May 2025","400","400","",
"1534940","1353578","Should You Outsource Your Family Office? 6 Questions To Consider","https://www.mondaq.com/article/1534940","United States","Todd Kesterson","24 Oct 2024","393","393","",
"1530402","3170968","Helping To Maximize Your Retirement: Why A Comprehensive Annuity Review Is Essential","https://www.mondaq.com/article/1530402","United States","Jared Kornfeld","15 Oct 2024","388","388","",
"1608328","3295940","Understanding A Cash Flow Statement","https://www.mondaq.com/article/1608328","United States","Meredith Tucker","09 Apr 2025","370","370","",
"1629220","3153980","What Is A Cost Segregation Study In Real Estate?","https://www.mondaq.com/article/1629220","United States","Louis Guay","27 May 2025","369","369","",
"1589306","3144034","5 Quick Questions: Is It Time For A New Fund Administrator?","https://www.mondaq.com/article/1589306","United States","Kaufman Rossin","25 Feb 2025","365","365","",
"1641762","3170968","Why It Pays To Review Your Life Insurance Policy Regularly","https://www.mondaq.com/article/1641762","United States","Jared Kornfeld","25 Jun 2025","363","363","",
"1512460","3222432","Tax Year 2024 Changes, Planning For Businesses To Consider ","https://www.mondaq.com/article/1512460","United States","Evan  Morgan","05 Sep 2024","362","362","",
"1636482","3237200","Smart Selling Starts With Smart Data","https://www.mondaq.com/article/1636482","United States","Vera Nieuwland","12 Jun 2025","355","355","",
"1546716","3185626","Florida Hurricane Relief?IRS Offers Extended Deadlines And Tax Benefits","https://www.mondaq.com/article/1546716","United States","Michael  Kramarz","19 Nov 2024","351","351","",
"1586472","3262788","4 Ways To Donate To Foreign Charities And Receive A U.S. Tax Benefit","https://www.mondaq.com/article/1586472","United States","Heidi Suarez","19 Feb 2025","347","347","",
"1541694","3231100","Transforming Data Into Decisions: An Introduction To Business Intelligence","https://www.mondaq.com/article/1541694","United States","Lilia  Restrepo","08 Nov 2024","344","344","",
"1613780","3303024","2025 Best-In-State CPAs","https://www.mondaq.com/article/1613780","United States","Blain Heckaman","23 Apr 2025","334","334","",
"1646826","3180428","Deepfake Dangers","https://www.mondaq.com/article/1646826","United States","Jeffrey Bernstein","07 Jul 2025","334","334","",
"1574860","3256838","Navigating The CECL Framework: 10 Key Takeaways For Financial Institutions","https://www.mondaq.com/article/1574860","United States","Alexander  Smith","31 Jan 2025","328","328","",
"1548594","3198360","How Do You Know If You&#39;re Underinvested In Tech?","https://www.mondaq.com/article/1548594","United States","Jason  Chorlins","22 Nov 2024","327","327","",
"1622320","3242492","AI Empowers Law And Accounting Firms To Deliver Speedier Services","https://www.mondaq.com/article/1622320","United States","Albert Primo","09 May 2025","326","326","",
"1536430","3142292","Uncovering The Complexities And Opportunities Of Qualified Small Business Stock","https://www.mondaq.com/article/1536430","United States","Peter Stratos","29 Oct 2024","322","322","",
"1614074","3303208","Avoiding Pitfalls In Sell-Side Tech Mergers And Acquisitions: What Founders Need To Know","https://www.mondaq.com/article/1614074","United States","Kimberly Gonzalez","23 Apr 2025","314","314","",
"1505388","3170968","Fixed Versus Variable Annuity: Which Is Best?","https://www.mondaq.com/article/1505388","United States","Jared Kornfeld","14 Aug 2024","314","314","",
"1518028","3173106","Start Planning For Your 2024 Taxes Before The Year End ","https://www.mondaq.com/article/1518028","United States","Claudia Sotolongo Gonzalez, CPA","17 Sep 2024","312","312","",
"1423644","3142292","10 Tax Considerations For Startups And Early-stage Companies","https://www.mondaq.com/article/1423644","United States","Peter Stratos","12 Feb 2024","311","1187","",
"1553164","3180428","The Evolving Cyber Threat","https://www.mondaq.com/article/1553164","United States","Jeffrey Bernstein","03 Dec 2024","303","303","",
"1651166","3142292","International Tax Impact On U.S. Businesses As A Result Of The One Big Beautiful Bill","https://www.mondaq.com/article/1651166","United States","Peter Stratos","16 Jul 2025","302","302","",
"1546994","3142218","New FinCEN Rule: Long-Awaited AML Requirements For RIAs Is Here","https://www.mondaq.com/article/1546994","United States","Bao Nguyen","20 Nov 2024","301","301","",
"1624942","3315930","Multimillionaires Might Face Higher Taxes Under Trump. Here Are The Money Moves They Could Make Now To Trim Their Tax Bill.","https://www.mondaq.com/article/1624942","United States","Jesse Rodriguez","16 May 2025","298","298","",
"1579592","3185626","Navigating Employee Retention Credit Delays: What Business Owners Need To Know","https://www.mondaq.com/article/1579592","United States","Michael  Kramarz","05 Feb 2025","297","297","",
"1472500","1353578","Private Family Offices Can Be Complicated ? Should You Outsource Yours?","https://www.mondaq.com/article/1472500","United States","Todd Kesterson","04 Jun 2024","288","544","",
"1642996","3148474","Florida Bill Eliminates Sales Tax On Commercial Rent: What Tenants And Landlords Need To Know","https://www.mondaq.com/article/1642996","United States","Ken Rios, JD","27 Jun 2025","286","286","",
"1438326","3144034","2023 Palm Beach Executive Survey Results","https://www.mondaq.com/article/1438326","United States","Kaufman Rossin","15 Mar 2024","285","1159","",
"1578906","3179028","Adding Value With The Marketing And BD Working Group","https://www.mondaq.com/article/1578906","United States","Lisa Ruiz","05 Feb 2025","281","281","",
"1527994","3231100","Transforming Data Into Decisions: Driving Growth With Business Intelligence ","https://www.mondaq.com/article/1527994","United States","Lilia  Restrepo","09 Oct 2024","277","277","",
"1508428","3142204","Deadline Approaching: Key Form N-PX Reporting Requirement For Investment Advisers","https://www.mondaq.com/article/1508428","United States","Scott Demar","22 Aug 2024","275","275","",
"1518056","3185626","FAQ: What To Do If You Get An IRS Notice ","https://www.mondaq.com/article/1518056","United States","Michael  Kramarz","17 Sep 2024","273","273","",
"1592624","3237200","Why Mid-Market Companies Should Embrace Digital Transformation And AI Now ","https://www.mondaq.com/article/1592624","United States","Vera Nieuwland","05 Mar 2025","272","272","",
"1645772","3185626","IRS In Transition: What Recent Structural Shifts Mean For Business Leaders","https://www.mondaq.com/article/1645772","United States","Michael  Kramarz","03 Jul 2025","271","271","",
"1649770","1353578","I&#39;m Not Rich, But Can I Act Rich?","https://www.mondaq.com/article/1649770","United States","Todd Kesterson","14 Jul 2025","269","269","",
"1582176","3144034","Praxity Regional Review ? North America","https://www.mondaq.com/article/1582176","United States","Kaufman Rossin","12 Feb 2025","268","268","",
"1542974","3198360","As IT Budgets Grow, Banks Struggle To Get A Handle On Expenses","https://www.mondaq.com/article/1542974","United States","Jason  Chorlins","12 Nov 2024","266","266","",
"1423020","3153980","7 Quick Questions About 179D Tax Deduction","https://www.mondaq.com/article/1423020","United States","Louis Guay","13 Feb 2024","263","917","",
"1644166","3170968","3 Smart Life Insurance Moves To Make Now","https://www.mondaq.com/article/1644166","United States","Jared Kornfeld","01 Jul 2025","262","262","",
"1497662","3214036","Key Takeaways From Investment Compliance Roundtable","https://www.mondaq.com/article/1497662","United States","Alex  Egan, CAMS","25 Jul 2024","258","258","",
"1645054","3237200","Vera Nieuwland Featured In Capital Analytics Q&A On Digital Transformation","https://www.mondaq.com/article/1645054","United States","Vera Nieuwland","02 Jul 2025","255","255","",
"1632564","3144034","Key Tax Provisions In House Budget Bill: What To Know Now","https://www.mondaq.com/article/1632564","United States","Kaufman Rossin","04 Jun 2025","253","253","",
"1538338","3237200","How Business Intelligence Empowers Manufacturers And Distributors","https://www.mondaq.com/article/1538338","United States","Vera Nieuwland","01 Nov 2024","252","252","",
"1532164","3180428","Cybersecurity: Is Your Family Office Practicing Good Digital Hygiene?","https://www.mondaq.com/article/1532164","United States","Jeffrey Bernstein","17 Oct 2024","251","251","",
"1641620","3185626","What Financial Documents Should You Keep? A Guide For Tax And Insurance Records","https://www.mondaq.com/article/1641620","United States","Michael  Kramarz","25 Jun 2025","251","251","",
"1510500","3221294","Palm Beach Executive Leadership Survey Highlights (Video)","https://www.mondaq.com/article/1510500","United States","Richard L. Slater","29 Aug 2024","249","249","",
"1617952","3307552","Fund Managers And Investors Are Keeping A Cool Head As The Market Tumbles","https://www.mondaq.com/article/1617952","Ukraine","Keith  Sharkey","06 May 2025","244","244","",
"1604894","3291068","How Super-Sized Catch-Up Contributions Can Boost Your Retirement","https://www.mondaq.com/article/1604894","United States","John Sullivan","02 Apr 2025","240","240","",
"1534608","3180428","Expecting The Unexpected","https://www.mondaq.com/article/1534608","United States","Jeffrey Bernstein","25 Oct 2024","239","239","",
"1547762","3242492","The Strategic Integration Of AI","https://www.mondaq.com/article/1547762","United States","Albert Primo","21 Nov 2024","238","238","",
"1646824","3198328","The Seller&#39;s Guide To Digital Health: Preparing For A Profitable Practice Sale","https://www.mondaq.com/article/1646824","United States","Ian Goldberger","07 Jul 2025","237","237","",
"1646746","3173876","How Wealth Advisors Support Your Financial Picture After The Sale Of Your Business ","https://www.mondaq.com/article/1646746","United States","Jay  Pelham","10 Jul 2025","236","236","",
"1477600","3203224","The Financial, Regulatory, And Technological Hurdles For Value Based Care: Q&A With Matthew Hellinger And Ian Goldberger","https://www.mondaq.com/article/1477600","United States","Matthew Hellinger","12 Jun 2024","233","383","",
"1599512","3219568","How To Spot A Deepfake","https://www.mondaq.com/article/1599512","United States","Jorge Rey","19 Mar 2025","232","232","",
"1537640","3180428","The Dangers Surrounding Bits And Bytes","https://www.mondaq.com/article/1537640","United States","Jeffrey Bernstein","30 Oct 2024","229","229","",
"1410302","3144034","5 Quick Questions About Cost Segregation","https://www.mondaq.com/article/1410302","United States","Kaufman Rossin","11 Jan 2024","227","843","",
"1510508","3221296","Broward Executive Leadership Survey Highlights (Video)","https://www.mondaq.com/article/1510508","United States","Tim  Rubin","29 Aug 2024","224","224","",
"1605968","3180428","Navigating Healthcare&#39;s Digital Shift: Strategies To Enhance Cybersecurity And Protect Patient Data","https://www.mondaq.com/article/1605968","United States","Jeffrey Bernstein","03 Apr 2025","220","220","",
"1633700","3295940","Business Health Check: There&#39;s No Time Like The Present","https://www.mondaq.com/article/1633700","United States","Meredith Tucker","05 Jun 2025","215","215","",
"1537638","3180428","Safeguarding Customer Data","https://www.mondaq.com/article/1537638","United States","Jeffrey Bernstein","30 Oct 2024","213","213","",
"1642322","3222432","What&#39;s In The Senate Budget Bill? Key Tax Updates To Know Now ","https://www.mondaq.com/article/1642322","United States","Evan  Morgan","26 Jun 2025","210","210","",
"1438960","3173876","How A Buy-sell Agreement ? And Insurance To Fund It ? Can Help Business Owners Sleep Better","https://www.mondaq.com/article/1438960","United States","Jay  Pelham","18 Mar 2024","209","716","",
"1463292","3158982","Dynamic Duo: Combine 179D And Cost Segregation To Maximize Tax Benefits ","https://www.mondaq.com/article/1463292","United States","Michelle Sadeghy","13 May 2024","207","432","",
"1498336","3173876","Are Your 401(k) Dollars In The Right Place? (Video)","https://www.mondaq.com/article/1498336","United States","Jay  Pelham","26 Jul 2024","206","206","",
"1488794","3142292","Supreme Court Ruling On Mandatory Repatriation Tax: What You Need To Know","https://www.mondaq.com/article/1488794","United States","Peter Stratos","05 Jul 2024","206","561","",
"1626276","3170968","Long-term Care Insurance: Why It Matters And What To Look For","https://www.mondaq.com/article/1626276","United States","Jared Kornfeld","20 May 2025","202","202","",
"1549780","3173876","Cooking, Caregiving And Conflict: Where Family Dynamics And Long-Term Care Collide","https://www.mondaq.com/article/1549780","United States","Jay  Pelham","26 Nov 2024","200","200","",
"1642920","3303024","Meet The 2025 Power Leaders In Law & Accounting (Part 1)","https://www.mondaq.com/article/1642920","United States","Blain Heckaman","27 Jun 2025","198","198","",
"1623748","3314638","Is Your 401(k) Oversight Putting You At Fiduciary Risk?","https://www.mondaq.com/article/1623748","United States","Darin Schatzman, CPA, PRP","14 May 2025","197","197","",
"1534760","3214036","Navigating Client Communication In The Investment Industry","https://www.mondaq.com/article/1534760","United States","Alex  Egan, CAMS","23 Oct 2024","193","193","",
"1496224","3158982","Architects And Engineers: Maximize Tax Savings With 179D Deduction ","https://www.mondaq.com/article/1496224","United States","Michelle Sadeghy","23 Jul 2024","191","273","",
"1452160","3185626","IRS Updates: ERC Disclosure And Claim Withdrawal Opportunity And Other New Compliance Initiatives","https://www.mondaq.com/article/1452160","United States","Michael  Kramarz","18 Apr 2024","190","545","",
"1486888","3208464","Supreme Court Case Prompts Estate Tax Considerations For Businesses ","https://www.mondaq.com/article/1486888","United States","Matthew  Wahler","03 Jul 2024","181","361","",
"1469822","3173876","Exclusive: How Estate Tax Expiration Will Impact Wealth Management","https://www.mondaq.com/article/1469822","United States","Jay  Pelham","27 May 2024","175","554","",
"1490560","3173876","I Want To Retire Before 50, So I Asked A Financial Planner For 4 Tactics His Clients Use To Retire Early Without Sacrificing Their Lifestyle","https://www.mondaq.com/article/1490560","United States","Jay  Pelham","10 Jul 2024","174","322","",
"1629226","1353578","Raising Future Leaders: 5 Ways Families Can Prepare The Next Generation","https://www.mondaq.com/article/1629226","United States","Todd Kesterson","27 May 2025","170","170","",
"1651818","3222432","The GOP Megabill: What Taxpayers Should Know","https://www.mondaq.com/article/1651818","United States","Evan  Morgan","17 Jul 2025","167","167","",
"1443360","3170968","In Focus: Benefits Of Long-Term Care Insurance (Video)","https://www.mondaq.com/article/1443360","United States","Jared Kornfeld","27 Mar 2024","166","594","",
"1430460","3165048","Can&#39;t Pay Your Taxes? Consider These Tax Debt-Relief Options","https://www.mondaq.com/article/1430460","United States","Moshe Zupnick, J.D.","01 Mar 2024","162","620","",
"1408562","3142222","Recent Amendments To Rule 702 Could Impact Expert Testimony Admissibility","https://www.mondaq.com/article/1408562","United States","Adam  Rabinowitz","04 Jan 2024","161","421","",
"1649724","3343870","Key Tax Law Changes Impacting Individuals","https://www.mondaq.com/article/1649724","United States","Mark  Scott","11 Jul 2025","159","159","",
"1624948","3198328","From Practice To Exit: 5 Key Considerations To Prepare For A Successful Healthcare Sale","https://www.mondaq.com/article/1624948","United States","Ian Goldberger","16 May 2025","152","152","",
"1483902","3203224","The State Of Value-Based Care","https://www.mondaq.com/article/1483902","United States","Matthew Hellinger","26 Jun 2024","149","270","",
"1493928","3180428","AT&T Customers In South Florida Call Data Breach ""Invasion Of Privacy""","https://www.mondaq.com/article/1493928","United States","Jeffrey Bernstein","17 Jul 2024","148","354","",
"1408622","3142292","Infographic - Do You Need Transfer Pricing Analysis?","https://www.mondaq.com/article/1408622","United States","Peter Stratos","08 Jan 2024","147","535","",
"1446576","3180428","Businesses Should Prepare Now For State Digital Privacy Law That Goes Into Effect This Summer","https://www.mondaq.com/article/1446576","United States","Jeffrey Bernstein","02 Apr 2024","146","624","",
"1479258","3144034","Florida City Populations Swelled Along With The Rest Of The South, Census Bureau Says","https://www.mondaq.com/article/1479258","United States","Kaufman Rossin","14 Jun 2024","146","319","",
"1444734","3160644","How To Welcome Outside Directors","https://www.mondaq.com/article/1444734","United States","Glenn  Davis","26 Mar 2024","143","281","",
"1442424","3176608","Understanding Asset Liquidity","https://www.mondaq.com/article/1442424","United States","David Liska","25 Mar 2024","129","545","",
"1472862","3144034","2024 Broward Executive Leadership Survey Results","https://www.mondaq.com/article/1472862","United States","Kaufman Rossin","31 May 2024","129","375","",
"1436110","3170852","FINRA Focusing On Direct Market Access In 2024 ? Are You?","https://www.mondaq.com/article/1436110","United States","Alex Nguyen, CAMS","12 Mar 2024","125","489","",
"1490558","3180428","Finance Apps Can Be Great For Budgeting. But, Beware Hungry Hackers","https://www.mondaq.com/article/1490558","United States","Jeffrey Bernstein","10 Jul 2024","124","257","",
"1649726","3222432","Key Tax Law Changes Impacting Businesses ","https://www.mondaq.com/article/1649726","United States","Evan  Morgan","14 Jul 2025","124","124","",
"1483904","3198360","Regulators Focus On How AI Amplifies Cybersecurity Risk","https://www.mondaq.com/article/1483904","United States","Jason  Chorlins","26 Jun 2024","120","252","",
"1413616","3142292","Do You Need Transfer Pricing Analysis?","https://www.mondaq.com/article/1413616","United States","Peter Stratos","17 Jan 2024","119","700","",
"1477628","3198360","Robotic Process Automation  (RPA) Uses In Banking (Video)","https://www.mondaq.com/article/1477628","United States","Jason  Chorlins","11 Jun 2024","116","239","",
"1453834","3142292","5 Essential Tax Tips For Startups","https://www.mondaq.com/article/1453834","United States","Peter Stratos","23 Apr 2024","116","451","",
"1418952","3153980","R&D Tax Credit: Significant Reporting Changes Proposed By The IRS","https://www.mondaq.com/article/1418952","United States","Louis Guay","02 Feb 2024","104","519","",
"1443352","3144034","Checklist: Is Your Fund Administrator The Right Fit?","https://www.mondaq.com/article/1443352","United States","Kaufman Rossin","27 Mar 2024","104","421","",
"1410232","3144034","IRA & CHIPS: Challenges And Opportunities For Expanding To The U.S.","https://www.mondaq.com/article/1410232","United States","Kaufman Rossin","09 Jan 2024","101","724","",
"1468604","3198328","Healthcare M&A Experts Urge Getting A Head-start On QofE Work","https://www.mondaq.com/article/1468604","United States","Ian Goldberger","22 May 2024","98","331","",
"1468644","3198362","Webinar: 2024 Fintech  Trends And Expectations","https://www.mondaq.com/article/1468644","United States","Heidy  Duarte","22 May 2024","98","324","",
"1408552","3142218","Exclusive: Digital Shift Of Wealth Management Services To Transform The Industry","https://www.mondaq.com/article/1408552","United States","Bao Nguyen","04 Jan 2024","95","1243","",
"1453838","3185626","6 IRS Programs To Help Taxpayers Resolve Tax Debt (Video)","https://www.mondaq.com/article/1453838","United States","Michael  Kramarz","23 Apr 2024","91","457","",
"1463012","1353578","Is Your Family Office Safe From Fraud?","https://www.mondaq.com/article/1463012","United States","Todd Kesterson","11 May 2024","89","364","",
"1428098","3144384","Maximizing Wealth: A Strategic Approach To Minimize Capital Gains Taxes On Business Sales","https://www.mondaq.com/article/1428098","United States","Charles Sachs","23 Feb 2024","87","658","",
"1408602","3142268","10 Stages Of ERP Implementation","https://www.mondaq.com/article/1408602","United States","Carlos  Diaz","08 Jan 2024","84","449","",
"1451484","3185160","When Should You Take Your Social Security?","https://www.mondaq.com/article/1451484","United States","Michael Cantero","18 Apr 2024","79","463","",
"1414328","3148474","Do You Need To File A State Income Tax Return For 2023? Maybe. Here&#39;s How It Works","https://www.mondaq.com/article/1414328","United States","Ken Rios, JD","19 Jan 2024","78","601","",
"1444738","3160644","Where Can Proactive Directors Shine?","https://www.mondaq.com/article/1444738","United States","Glenn  Davis","01 Apr 2024","76","487","",
"407866","1353578","The Credit Conundrum For High-Net-Worth Individuals","https://www.mondaq.com/article/407866","United States","Todd Kesterson","29 Jul 2015","67","539","",
"1410548","3144384","4 Financial Focus Areas To Consider For The New Year","https://www.mondaq.com/article/1410548","United States","Charles Sachs","11 Jan 2024","65","471","",
"1444742","3160644","4 Ways To Improve Board Effectiveness","https://www.mondaq.com/article/1444742","United States","Glenn  Davis","09 Apr 2024","65","426","",
"1423642","3142204","RIAs: Keep The SEC&#39;s 2024 Examination Priorities Top Of Mind","https://www.mondaq.com/article/1423642","United States","Scott Demar","12 Feb 2024","62","735","",
"1438096","3142212","5 Tax Planning Tips For Individuals (Video)","https://www.mondaq.com/article/1438096","United States","Adrian  Alfonso","15 Mar 2024","53","411","",
"1428826","3142212","5 Tax Tips For Businesses","https://www.mondaq.com/article/1428826","United States","Adrian  Alfonso","26 Feb 2024","49","508","",
"1424864","3160644","No Outside Directors? You May Be Missing Out","https://www.mondaq.com/article/1424864","United States","Glenn  Davis","18 Mar 2024","44","198","",
"1447202","3144384","Personal Financial Changes That Can Impact Your Planning","https://www.mondaq.com/article/1447202","United States","Charles Sachs","05 Apr 2024","44","478","",
"1408518","3142204","Are You Prepared To Comply With The Private Fund Adviser And Annual Compliance Program Review Rules? ","https://www.mondaq.com/article/1408518","United States","Scott Demar","04 Jan 2024","43","244","",
"1408536","3142212","Market Watch: What's New For Taxes As 2023 Ends And 2024 Begins","https://www.mondaq.com/article/1408536","United States","Adrian  Alfonso","04 Jan 2024","36","213","",
"407894","1353652","South Florida: Low-Tax, High-Appeal Alternative For Fund Managers","https://www.mondaq.com/article/407894","United States","Raul Garcia","13 Jul 2015","24","252","",
"104450","725228","Considering Reducing Your Commercial Real Estate Rates? Remember the Tax Implications","https://www.mondaq.com/article/104450","United States","Dennis Fitzpatrick, J.D.","09 Aug 2010","17","441","",
